clause_id,clause_content,clause_type,clause_theme,clause_sentiment,clause_responds_to,comment_id,comment_content,comment_type,comment_subject,comment_actor,actor_role,comment_responds_to
Ao3Clause1,ohm y god im so excited WE NEED MOREEEEE.,appreciation,individualExperience,,,Ao3Comment1,"ohm y god im so excited WE NEED MOREEEEE. the air tickling the back of her neck oh aang.... do that more please thank you.

also, i hope you don't mind my remark, but i noticed a tiny tiny typo you might've missed ""...he murmured against her ear, “I missed you yoo.”""

the yoo thingy. just thought i'd tell you! ANYWAYS THANK YOU FOR THE FOOD we are all starving for more >:)",appreciation,Forever Girl (ATLA fanfic),Ao3User1,reader,ForeverGirl_Chapter1
Ao3Clause2,the air tickling the back of her neck oh aang.... do that more please thank you.,appreciation,textualMaterial,,,Ao3Comment1,"ohm y god im so excited WE NEED MOREEEEE. the air tickling the back of her neck oh aang.... do that more please thank you.

also, i hope you don't mind my remark, but i noticed a tiny tiny typo you might've missed ""...he murmured against her ear, “I missed you yoo.”""

the yoo thingy. just thought i'd tell you! ANYWAYS THANK YOU FOR THE FOOD we are all starving for more >:)",appreciation,Forever Girl (ATLA fanfic),Ao3User1,reader,ForeverGirl_Chapter1
Ao3Clause3,"also, i hope you don't mind my remark, but i noticed a tiny tiny typo you might've missed ""...he murmured against her ear, “I missed you yoo.”""

the yoo thingy. just thought i'd tell you! ",suggestion,textualMaterial,,,Ao3Comment1,"ohm y god im so excited WE NEED MOREEEEE. the air tickling the back of her neck oh aang.... do that more please thank you.

also, i hope you don't mind my remark, but i noticed a tiny tiny typo you might've missed ""...he murmured against her ear, “I missed you yoo.”""

the yoo thingy. just thought i'd tell you! ANYWAYS THANK YOU FOR THE FOOD we are all starving for more >:)",appreciation,Forever Girl (ATLA fanfic),Ao3User1,reader,ForeverGirl_Chapter1
Ao3Clause4,ANYWAYS THANK YOU FOR THE FOOD we are all starving for more >:),appreciation,individualExperience,,,Ao3Comment1,"ohm y god im so excited WE NEED MOREEEEE. the air tickling the back of her neck oh aang.... do that more please thank you.

also, i hope you don't mind my remark, but i noticed a tiny tiny typo you might've missed ""...he murmured against her ear, “I missed you yoo.”""

the yoo thingy. just thought i'd tell you! ANYWAYS THANK YOU FOR THE FOOD we are all starving for more >:)",appreciation,Forever Girl (ATLA fanfic),Ao3User1,reader,ForeverGirl_Chapter1
Ao3Clause5,More coming soon!!,statement,,positive,Ao3Clause4,Ao3Comment2,"More coming soon!!

And thank you for finding that and letting me know 🥹🥹 I fixed it.",appreciation,Forever Girl (ATLA fanfic),Ao3User2,author,Ao3Comment1
Ao3Clause6,And thank you for finding that and letting me know 🥹🥹 I fixed it.,answer,,positive,Ao3Clause3,Ao3Comment2,"More coming soon!!

And thank you for finding that and letting me know 🥹🥹 I fixed it.",appreciation,Forever Girl (ATLA fanfic),Ao3User2,author,Ao3Comment1