clause_id,clause_content,clause_type,clause_theme,clause_sentiment,comment_id,comment_content,comment_type,comment_subject,comment_actor
GRClause1,"This was a great book, definitely one of the more unique 40k entries.",evaluation,socialImpact,positive,GoodReadsReview,"This was a great book, definitely one of the more unique 40k entries. In it, I found humour, pathos, tension and catharsis. However, some of the military conflict sections significantly slowed it down for me.

The driver of this novel is the relationship between Trazyn the Infinite and Orikan the Diviner. The scenes in which they converse are by far the most compelling, and I think I was a little disappointed that we didn't get more of them (despite them taking up perhaps half of the novel).

I don't think it's prudent or advisable to give a history of the Necron race for context in this review. If you are interested in Necrons, this is possibly the best work of fiction you could ask for that explores their nature.

I've seen people say this stands alone as a good sci-fi novel, but I'm not sure that it would. I might give it to my dad to read and see if he is able to follow it - it would be an interesting experiment.",evaluation,The Infinite and the Divine,goodreadsUser
GRClause2,"In it, I found humour, pathos, tension and catharsis.",evaluation,textualMaterial,positive,GoodReadsReview,"This was a great book, definitely one of the more unique 40k entries. In it, I found humour, pathos, tension and catharsis. However, some of the military conflict sections significantly slowed it down for me.

The driver of this novel is the relationship between Trazyn the Infinite and Orikan the Diviner. The scenes in which they converse are by far the most compelling, and I think I was a little disappointed that we didn't get more of them (despite them taking up perhaps half of the novel).

I don't think it's prudent or advisable to give a history of the Necron race for context in this review. If you are interested in Necrons, this is possibly the best work of fiction you could ask for that explores their nature.

I've seen people say this stands alone as a good sci-fi novel, but I'm not sure that it would. I might give it to my dad to read and see if he is able to follow it - it would be an interesting experiment.",evaluation,The Infinite and the Divine,goodreadsUser
GRClause3,"However, some of the military conflict sections significantly slowed it down for me.",evaluation,individualExperience,negative,GoodReadsReview,"This was a great book, definitely one of the more unique 40k entries. In it, I found humour, pathos, tension and catharsis. However, some of the military conflict sections significantly slowed it down for me.

The driver of this novel is the relationship between Trazyn the Infinite and Orikan the Diviner. The scenes in which they converse are by far the most compelling, and I think I was a little disappointed that we didn't get more of them (despite them taking up perhaps half of the novel).

I don't think it's prudent or advisable to give a history of the Necron race for context in this review. If you are interested in Necrons, this is possibly the best work of fiction you could ask for that explores their nature.

I've seen people say this stands alone as a good sci-fi novel, but I'm not sure that it would. I might give it to my dad to read and see if he is able to follow it - it would be an interesting experiment.",evaluation,The Infinite and the Divine,goodreadsUser
GRClause4,The driver of this novel is the relationship between Trazyn the Infinite and Orikan the Diviner. ,statement,textualMaterial,,GoodReadsReview,"This was a great book, definitely one of the more unique 40k entries. In it, I found humour, pathos, tension and catharsis. However, some of the military conflict sections significantly slowed it down for me.

The driver of this novel is the relationship between Trazyn the Infinite and Orikan the Diviner. The scenes in which they converse are by far the most compelling, and I think I was a little disappointed that we didn't get more of them (despite them taking up perhaps half of the novel).

I don't think it's prudent or advisable to give a history of the Necron race for context in this review. If you are interested in Necrons, this is possibly the best work of fiction you could ask for that explores their nature.

I've seen people say this stands alone as a good sci-fi novel, but I'm not sure that it would. I might give it to my dad to read and see if he is able to follow it - it would be an interesting experiment.",evaluation,The Infinite and the Divine,goodreadsUser
GRClause5,"The scenes in which they converse are by far the most compelling, and I think I was a little disappointed that we didn't get more of them (despite them taking up perhaps half of the novel).
",evaluation,individualExperience,positive,GoodReadsReview,"This was a great book, definitely one of the more unique 40k entries. In it, I found humour, pathos, tension and catharsis. However, some of the military conflict sections significantly slowed it down for me.

The driver of this novel is the relationship between Trazyn the Infinite and Orikan the Diviner. The scenes in which they converse are by far the most compelling, and I think I was a little disappointed that we didn't get more of them (despite them taking up perhaps half of the novel).

I don't think it's prudent or advisable to give a history of the Necron race for context in this review. If you are interested in Necrons, this is possibly the best work of fiction you could ask for that explores their nature.

I've seen people say this stands alone as a good sci-fi novel, but I'm not sure that it would. I might give it to my dad to read and see if he is able to follow it - it would be an interesting experiment.",evaluation,The Infinite and the Divine,goodreadsUser
GRClause6,I don't think it's prudent or advisable to give a history of the Necron race for context in this review.,statement,,,GoodReadsReview,"This was a great book, definitely one of the more unique 40k entries. In it, I found humour, pathos, tension and catharsis. However, some of the military conflict sections significantly slowed it down for me.

The driver of this novel is the relationship between Trazyn the Infinite and Orikan the Diviner. The scenes in which they converse are by far the most compelling, and I think I was a little disappointed that we didn't get more of them (despite them taking up perhaps half of the novel).

I don't think it's prudent or advisable to give a history of the Necron race for context in this review. If you are interested in Necrons, this is possibly the best work of fiction you could ask for that explores their nature.

I've seen people say this stands alone as a good sci-fi novel, but I'm not sure that it would. I might give it to my dad to read and see if he is able to follow it - it would be an interesting experiment.",evaluation,The Infinite and the Divine,goodreadsUser
GRClause7,"If you are interested in Necrons, this is possibly the best work of fiction you could ask for that explores their nature.",evaluation,socialImpact,positive,GoodReadsReview,"This was a great book, definitely one of the more unique 40k entries. In it, I found humour, pathos, tension and catharsis. However, some of the military conflict sections significantly slowed it down for me.

The driver of this novel is the relationship between Trazyn the Infinite and Orikan the Diviner. The scenes in which they converse are by far the most compelling, and I think I was a little disappointed that we didn't get more of them (despite them taking up perhaps half of the novel).

I don't think it's prudent or advisable to give a history of the Necron race for context in this review. If you are interested in Necrons, this is possibly the best work of fiction you could ask for that explores their nature.

I've seen people say this stands alone as a good sci-fi novel, but I'm not sure that it would. I might give it to my dad to read and see if he is able to follow it - it would be an interesting experiment.",evaluation,The Infinite and the Divine,goodreadsUser
GRClause8,"I've seen people say this stands alone as a good sci-fi novel, but I'm not sure that it would.",disagreement,socialImpact,negative,GoodReadsReview,"This was a great book, definitely one of the more unique 40k entries. In it, I found humour, pathos, tension and catharsis. However, some of the military conflict sections significantly slowed it down for me.

The driver of this novel is the relationship between Trazyn the Infinite and Orikan the Diviner. The scenes in which they converse are by far the most compelling, and I think I was a little disappointed that we didn't get more of them (despite them taking up perhaps half of the novel).

I don't think it's prudent or advisable to give a history of the Necron race for context in this review. If you are interested in Necrons, this is possibly the best work of fiction you could ask for that explores their nature.

I've seen people say this stands alone as a good sci-fi novel, but I'm not sure that it would. I might give it to my dad to read and see if he is able to follow it - it would be an interesting experiment.",evaluation,The Infinite and the Divine,goodreadsUser
GRClause9,I might give it to my dad to read and see if he is able to follow it - it would be an interesting experiment.,statement,,,GoodReadsReview,"This was a great book, definitely one of the more unique 40k entries. In it, I found humour, pathos, tension and catharsis. However, some of the military conflict sections significantly slowed it down for me.

The driver of this novel is the relationship between Trazyn the Infinite and Orikan the Diviner. The scenes in which they converse are by far the most compelling, and I think I was a little disappointed that we didn't get more of them (despite them taking up perhaps half of the novel).

I don't think it's prudent or advisable to give a history of the Necron race for context in this review. If you are interested in Necrons, this is possibly the best work of fiction you could ask for that explores their nature.

I've seen people say this stands alone as a good sci-fi novel, but I'm not sure that it would. I might give it to my dad to read and see if he is able to follow it - it would be an interesting experiment.",evaluation,The Infinite and the Divine,goodreadsUser